{"skins":{"default":{"c3":{"c3":{"triangles":[23,18,5,8,24,18,10,18,24,23,5,6,8,9,24,10,24,9,8,23,6,23,8,18,8,6,7,20,0,1,14,15,16,22,1,2,22,2,3,20,1,22,14,16,19,0,16,17,0,18,16,16,18,19,13,14,19,22,3,4,18,21,19,0,20,18,12,13,19,12,19,21,22,18,20,5,18,22,4,5,22,11,12,21,10,11,21,18,10,21],"uvs":[0.38658,0.06639,0.64512,0.11639,0.8817,0.19973,0.97561,0.30343,0.97561,0.60343,0.8256,0.76083,0.91341,0.90713,0.91828,0.98148,0.8378,0.98148,0.71341,0.98148,0.60121,0.81824,0.34512,0.81083,0.12317,0.70713,0.06951,0.57565,0.02439,0.34787,0.02439,0.08121,0.09634,0.01852,0.35243,0.01852,0.67926,0.73861,0.2817,0.47565,0.51585,0.29787,0.40853,0.62935,0.77194,0.47565,0.80609,0.84046,0.70365,0.8775],"vertices":[1,10,38.34,-5.25,1,1,10,31.33,-13.64,1,1,10,23.07,-20.44,1,1,10,16.36,-21.49,1,2,10,1.75,-14.49,0.93034,9,13.75,-14.35,0.06966,2,10,-3.25,-5.27,0.26666,9,8.18,-5.46,0.73334,1,9,-0.49,-5.83,1,1,9,-4.29,-4.5,1,1,9,-3.05,-1.44,1,1,9,-1.13,3.28,1,2,10,-2.07,4.37,0.28697,9,8.76,4.23,0.71303,2,10,2.83,13.66,0.97196,9,13.08,13.81,0.02804,1,10,11.82,19.45,1,1,10,19.17,18.36,1,1,10,31.06,14.71,1,1,10,44.04,8.48,1,1,10,45.82,4.36,1,1,10,41.28,-5.11,1,2,10,0.42,-0.38,0.83389,9,11.55,-0.35,0.16611,1,10,20.28,8.18,1,1,10,24.78,-4.63,1,1,10,10.54,7.08,1,2,10,11.59,-9.94,0.99855,9,23.28,-9.21,0.00145,2,10,-6.78,-2.69,0.00438,9,4.5,-3.1,0.99562,1,9,4.22,1.54,1],"edges":[18,20,20,22,22,24,24,26,26,28,28,30,30,32,32,34,34,0,0,2,2,4,4,6,6,8,8,10,10,12,12,14,14,16,16,18,16,36,36,20,36,10,36,32],"width":41,"type":"mesh","hull":18,"height":54}},"c4":{"c4":{"triangles":[5,23,4,11,12,23,6,23,5,25,11,23,6,25,23,10,11,25,8,9,10,8,10,25,7,25,6,8,25,7,22,26,20,22,20,21,26,22,0,26,0,1,15,16,17,18,15,17,26,15,18,19,26,18,26,19,20,26,1,2,13,14,15,24,26,2,26,13,15,24,13,26,2,4,24,3,4,2,23,24,4,12,13,24,23,12,24],"uvs":[0.90362,0.1463,0.98182,0.26041,0.98182,0.54493,0.81864,0.69905,0.73813,0.70646,0.63079,0.7687,0.61737,0.85317,0.45859,0.98193,0.32441,0.98193,0.25061,0.91097,0.36466,0.84576,0.40268,0.79538,0.39373,0.71091,0.30259,0.671,0.13655,0.59828,0.06499,0.44268,0.01818,0.41156,0.01818,0.12852,0.24837,0.01807,0.4161,0.01807,0.51897,0.04997,0.5458,0.01807,0.67328,0.01807,0.56486,0.71085,0.55788,0.61036,0.43408,0.85829,0.53573,0.29139],"vertices":[1,12,41.67,-23.67,1,1,12,31.71,-26.67,1,1,12,8.3,-23.53,1,2,12,-3.18,-12.93,0.99196,11,28.41,-11.5,0.00804,2,12,-3.2,-8.46,0.90321,11,25.84,-7.84,0.09679,2,12,-7.53,-1.92,0.08641,11,18.54,-4.97,0.91359,1,11,11.97,-7.53,1,1,11,-1.53,-4.67,1,1,11,-4.92,1.89,1,1,11,-1.55,8.2,1,1,11,6.14,5.11,1,2,12,-8.06,10.81,0.02685,11,10.82,5.17,0.97315,2,12,-1.05,10.36,0.46051,11,16.82,8.82,0.53949,2,12,2.9,14.89,0.81649,11,17.46,14.79,0.18351,2,12,10.1,23.14,0.96856,11,18.64,25.67,0.03144,2,12,23.42,25.32,0.9995,11,28.31,35.1,5.0E-4,1,12,26.33,27.53,1,1,12,49.61,24.4,1,1,12,57.01,10.63,1,1,12,55.78,1.49,1,1,12,52.41,-3.76,1,1,12,54.84,-5.58,1,1,12,53.9,-12.53,1,2,12,-2.29,1.03,0.3834,11,21.14,0.46,0.6166,2,12,6.02,0.3,0.9984,11,28.38,4.62,0.0016,1,11,6.97,1.24,1,1,12,32.43,-2.01,1],"edges":[44,0,0,2,2,4,4,6,6,8,8,10,10,12,12,14,14,16,16,18,18,20,20,22,22,24,28,30,30,32,32,34,34,36,36,38,38,40,42,44,40,42,24,46,46,10,24,26,26,28,48,46,26,48,48,8,16,50,50,46,20,50,50,12,40,52,52,48,30,52,52,2],"width":55,"type":"mesh","hull":23,"height":83}},"nenbaucua":{"nen":{"width":205,"height":206}},"bau":{"bau":{"x":-2.86,"width":109,"y":4.69,"height":52}},"Cua":{"Cua":{"x":-1.42,"width":100,"y":7.69,"height":47}},"c1":{"c1":{"rotation":-108.23,"x":29.07,"width":206,"y":5.17,"height":150}},"c2":{"c2":{"triangles":[5,23,4,16,6,24,23,16,4,8,16,24,6,7,24,16,23,6,8,24,7,6,23,5,19,0,1,25,14,15,25,15,0,25,0,19,13,14,25,18,13,25,21,19,1,21,1,2,12,13,18,26,25,19,26,19,21,20,18,25,20,25,26,12,18,20,22,21,2,22,2,3,11,12,20,17,26,21,17,21,22,4,22,3,16,17,22,16,22,4,10,11,20,8,17,16,17,9,20,17,20,26,9,17,8,10,20,9],"uvs":[0.40586,0.11985,0.75057,0.17238,0.89985,0.3389,0.91342,0.59037,0.832,0.72672,0.97619,0.85525,0.97619,0.98039,0.83471,0.98039,0.64064,0.82843,0.39772,0.87537,0.12493,0.77143,0.02381,0.63843,0.02381,0.43079,0.02381,0.11538,0.13036,0.01961,0.3,0.01961,0.67373,0.74841,0.53054,0.64,0.14023,0.31097,0.42199,0.22158,0.2788,0.51448,0.59751,0.40036,0.73377,0.55822,0.85156,0.81118,0.76149,0.86634,0.27899,0.25002,0.40696,0.44842],"vertices":[1,8,32.62,-11.22,1,1,8,21.5,-20.87,1,2,8,10.95,-20.48,0.99626,7,21.47,-21.29,0.00374,2,8,0.57,-12.93,0.83708,7,11.73,-12.93,0.16292,2,8,-2.74,-5.92,0.24773,7,8.99,-5.68,0.75227,1,7,0.07,-5.61,1,1,7,-4.59,-1.25,1,1,7,-0.52,3.09,1,2,8,-1.78,3.6,0.31419,7,10.7,3.73,0.68581,2,8,2.71,13.07,0.99504,7,15.94,12.81,0.00496,1,8,13.99,18.72,1,1,8,21.94,17.82,1,1,8,30.22,11.22,1,1,8,42.8,1.19,1,1,8,43.83,-5.36,1,1,8,39.39,-10.93,1,2,8,0.54,-0.03,0.90022,7,12.73,-0.07,0.09978,1,8,8.61,1.23,1,1,8,31.95,3.58,1,1,8,28.14,-8.51,1,1,8,20.21,5.5,1,1,8,16.42,-8.59,1,2,8,6.55,-8.05,0.95096,7,18.08,-8.55,0.04904,1,7,5.29,-3.33,1,1,7,5.82,1.35,1,1,8,30.75,-2.91,1,1,8,19.49,-0.81,1],"edges":[12,14,14,16,16,18,18,20,20,22,26,28,28,30,30,0,0,2,2,4,4,6,6,8,12,10,8,10,12,32,32,16,32,8,18,34,34,32,34,44,44,6,22,24,24,26,24,36,28,50,36,50,50,38,38,2,20,40,34,52,52,50,40,52,52,42],"width":42,"type":"mesh","hull":16,"height":51}}}},"skeleton":{"images":"./textures/","width":205,"spine":"3.7.94","audio":"Y:/VietAnh/anim/icon nho/bau cua","hash":"7LpkiX+P2TLM3XM2w3z2lAnH+BM","height":206},"slots":[{"attachment":"nen","name":"nenbaucua","bone":"bone3"},{"attachment":"c1","name":"c1","bone":"c1"},{"attachment":"c2","name":"c2","bone":"c3"},{"attachment":"c3","name":"c3","bone":"c5"},{"attachment":"c4","name":"c4","bone":"c7"},{"attachment":"Cua","name":"Cua","bone":"Cua"},{"attachment":"bau","name":"bau","bone":"bau"}],"bones":[{"name":"root"},{"scaleX":0.918,"parent":"root","scaleY":0.918,"name":"bone2","x":-3.1,"y":-54.63},{"parent":"bone2","name":"Cua","x":43.52,"y":-9.52},{"parent":"bone2","name":"bau","x":-36.04,"y":7.48},{"parent":"root","name":"bone"},{"parent":"root","name":"bone3"},{"scaleX":0.822,"parent":"root","scaleY":0.822,"rotation":108.23,"name":"c1","length":86.33,"x":10.73,"y":-33.01},{"parent":"c1","rotation":24.93,"name":"c3","length":12.19,"x":88.15,"y":24.72},{"parent":"c3","rotation":-4.59,"name":"c4","length":26.31,"x":12.19},{"parent":"c1","rotation":3.84,"name":"c5","length":11.1,"x":92.85,"y":-9.9},{"parent":"c5","rotation":3.55,"name":"c6","length":30.22,"x":11.1},{"parent":"c1","rotation":-45.52,"name":"c7","length":19.4,"x":81.16,"y":-36.49},{"parent":"c7","rotation":34.94,"name":"c8","length":41.79,"x":23.61,"y":0.92}],"animations":{"animation":{"bones":{"c3":{"rotate":[{"curve":[0.25,0,0.75,1],"angle":0,"time":0},{"curve":[0.25,0,0.75,1],"angle":-16.27,"time":1},{"angle":0,"time":2}]},"c4":{"rotate":[{"curve":[0.25,0,0.75,1],"angle":0,"time":0},{"curve":[0.25,0,0.75,1],"angle":-1.58,"time":1},{"angle":0,"time":2}]},"c5":{"rotate":[{"curve":[0.25,0,0.75,1],"angle":0,"time":0},{"curve":[0.25,0,0.75,1],"angle":-13.15,"time":1},{"angle":0,"time":2}]},"c6":{"rotate":[{"curve":[0.25,0,0.75,1],"angle":0,"time":0},{"curve":[0.25,0,0.75,1],"angle":-10.27,"time":1},{"angle":0,"time":2}]},"c7":{"rotate":[{"curve":[0.25,0,0.75,1],"angle":0,"time":0},{"curve":[0.25,0,0.75,1],"angle":-31.58,"time":1},{"angle":0,"time":2}]},"c8":{"rotate":[{"curve":[0.25,0,0.75,1],"angle":0,"time":0},{"curve":[0.25,0,0.75,1],"angle":-36.59,"time":1},{"angle":0,"time":2}]},"bone3":{"scale":[{"curve":[0.3,0,0.636,0.36],"x":1,"y":1,"time":0},{"curve":[0.325,0.29,0.658,0.62],"x":0.99,"y":0.99,"time":1.4667},{"x":1,"y":1,"time":2}]},"bau":{"translate":[{"curve":[0.276,0,0.621,0.4],"x":0,"y":0,"time":0},{"curve":[0.314,0.27,0.657,0.64],"x":-7.63,"y":0,"time":0.5},{"x":0,"y":0,"time":1}]},"bone2":{"translate":[{"curve":[0.25,0,0.625,0.5],"x":0,"y":0,"time":0},{"curve":[0.375,0.5,0.75,1],"x":0,"y":-4.9,"time":1},{"x":0,"y":0,"time":2}]},"c1":{"rotate":[{"curve":[0.25,0,0.75,1],"angle":0,"time":0},{"curve":[0.25,0,0.75,1],"angle":2.79,"time":1},{"angle":0,"time":2}],