{"skins":{"default":{"cassss":{"cassss":{"triangles":[64,38,39,37,38,64,40,64,39,61,64,40,65,64,61,36,64,35,64,36,37,49,64,65,49,35,64,63,49,65,63,65,62,32,33,34,31,32,34,48,35,49,48,49,63,47,63,62,48,63,47,46,47,62,35,31,34,48,29,30,47,29,48,35,48,31,30,31,48,47,46,29,27,29,46,62,65,61,60,61,51,62,61,60,59,62,60,45,46,62,58,45,62,27,46,45,28,29,27,56,27,45,26,27,56,56,45,57,26,23,24,26,24,25,19,56,57,18,19,57,22,23,26,56,19,22,56,22,26,20,22,19,21,22,20,11,14,55,14,11,12,13,14,12,55,18,57,15,18,55,16,17,18,15,16,18,15,55,14,59,60,52,53,59,52,58,62,59,54,53,52,57,45,58,58,59,53,58,55,57,55,58,53,8,52,7,8,54,52,55,53,54,11,9,10,8,55,54,11,8,9,8,11,55,1,42,43,43,44,1,0,1,44,50,41,42,50,42,1,61,40,41,4,1,2,1,4,50,50,51,61,50,61,41,4,51,50,2,3,4,5,51,4,6,51,5,52,51,6,60,51,52,7,52,6],"uvs":[0.97908,0.22491,0.89599,0.25669,0.89965,0.32587,0.87769,0.39505,0.80447,0.41935,0.78616,0.44366,0.71843,0.48666,0.75138,0.55957,0.73308,0.61566,0.78616,0.6194,0.8484,0.68858,0.80081,0.77271,0.89782,0.88863,0.89965,0.98077,0.58847,0.98077,0.52074,0.93163,0.46216,0.94472,0.33952,0.86432,0.3743,0.79515,0.33769,0.77084,0.28643,0.84563,0.2425,0.85124,0.19174,0.81108,0.11253,0.74841,0.11253,0.66614,0.14182,0.64932,0.19674,0.67549,0.23701,0.6194,0.20223,0.58949,0.20772,0.55396,0.16013,0.55396,0.02092,0.45487,0.02092,0.33148,0.04846,0.29783,0.0869,0.33335,0.14182,0.34644,0.18392,0.21556,0.23701,0.195,0.27728,0.15013,0.35416,0.11086,0.52074,0.12208,0.61409,0.19126,0.70745,0.10151,0.74406,0.01923,0.97908,0.01923,0.34867,0.60258,0.26263,0.5334,0.25897,0.48666,0.17843,0.46609,0.19307,0.39692,0.63972,0.20808,0.57199,0.41935,0.58481,0.51657,0.55186,0.58762,0.60128,0.6381,0.58481,0.72036,0.33219,0.69419,0.37796,0.6998,0.44569,0.58949,0.49145,0.55396,0.53172,0.46609,0.50792,0.35018,0.40541,0.43805,0.24799,0.43431,0.30108,0.27165,0.32121,0.35391],"vertices":[2,11,62.25,-35.57,0.067,12,21.09,-33.21,0.933,2,11,49.47,-24.2,0.27029,12,7.16,-23.27,0.72971,2,11,38.25,-30.91,0.53731,12,-3.28,-31.15,0.46269,3,11,24.72,-33.26,0.78416,12,-16.48,-34.93,0.2155,13,-12.44,67.61,3.4E-4,3,11,14.07,-22.91,0.90395,12,-28.17,-25.78,0.09301,13,-17.44,53.63,0.00304,4,11,8.37,-21.93,0.89519,12,-33.95,-25.42,0.02727,13,-15.97,48.03,0.06613,7,75.11,-30.05,0.01141,4,11,-4.91,-14.16,0.70739,12,-47.98,-19.12,0.00755,13,-17.53,32.73,0.25943,7,60.86,-24.27,0.02563,3,11,-14.12,-26.2,0.43156,13,-2.76,29.34,0.53789,7,53.46,-37.5,0.03055,4,11,-25.13,-28.02,0.1466,13,3.47,20.07,0.76162,7,42.82,-40.88,0.08132,6,-44.52,28.18,0.01047,4,11,-20.98,-37.4,0.05985,13,10.28,27.74,0.92624,7,48.27,-49.57,0.00492,14,-35,12.31,0.00899,3,11,-26.94,-54.11,0.0126,13,27.96,29.25,0.80685,14,-23.26,25.61,0.18055,3,11,-45.27,-53.4,6.2E-4,13,34.92,12.28,0.48575,14,-6.51,18.13,0.51364,2,13,63.67,13.7,0.16202,14,13.32,39.01,0.83798,3,13,77.65,3.34,2.5E-4,6,4.13,86.64,0.10182,14,30.58,41.17,0.89794,2,6,29.73,32.37,0.34131,14,36.82,-18.51,0.65869,4,13,25.63,-48.81,0.12465,7,-29.51,-42.85,0.02322,6,26.91,16.6,0.57707,14,28.95,-32.47,0.27505,4,7,-38.15,-35.17,0.01299,6,33.96,7.43,0.85785,14,32.58,-43.45,0.114,5,4.79,58.94,0.01516,4,7,-39.79,-7.11,0.07121,6,30.32,-20.43,0.82478,14,19.94,-68.55,0.02016,5,14.1,32.43,0.08385,5,7,-25.28,-4.85,0.22608,6,15.65,-19.94,0.4551,5,0.78,26.25,0.31613,8,-26.04,46.32,0.00258,10,-68.84,17.3,1.1E-4,3,7,-25.72,3.56,0.11533,6,14.51,-28.28,0.27084,5,3.52,18.29,0.61383,3,7,-42.95,3.24,0.05731,6,31.5,-31.2,0.06526,5,20,23.35,0.87744,3,7,-48.79,9.47,0.00279,6,36.07,-38.41,0.00455,5,27.33,18.97,0.99267,5,7,-48.42,21.85,0.054,6,33.39,-50.5,0.01032,5,30.39,6.97,0.93278,8,-4.49,74.32,0.00266,10,-44.72,43.11,2.3E-4,1,5,35.15,-11.75,1,2,5,25.6,-24,0.99992,10,-15.04,33.02,8.0E-5,3,5,19.19,-23.03,0.99362,8,24.54,60.8,0.00165,10,-17.11,26.88,0.00473,4,7,-27.15,36.13,0.00134,5,13.88,-12.62,0.88953,8,13.75,56.33,0.03813,10,-28.28,23.45,0.071,4,7,-14.01,36.07,0.06954,5,1.25,-16.19,0.61787,8,16.32,43.45,0.13772,10,-26.96,10.39,0.17487,5,7,-13.39,44.82,0.00142,5,3.06,-24.77,0.45419,8,25.01,44.58,0.12905,10,-18.19,10.69,0.41471,9,-48.71,7.36,6.3E-4,5,7,-7.34,47.91,9.0E-5,5,-1.9,-29.41,0.2429,8,29.24,39.27,0.10058,10,-14.49,5,0.6558,9,-41.99,8.29,6.3E-4,5,7,-12.74,55.33,9.0E-5,5,5.34,-35.05,0.09935,8,35.44,46.04,0.05163,10,-7.67,11.14,0.8483,9,-44.65,17.07,6.3E-4,3,5,15,-66.32,0.01796,8,67.37,53.21,0.00801,10,24.79,15.23,0.97403,1,10,40.4,-2.07,1,2,10,40.71,-10.35,0.98888,9,-4.62,51.72,0.01112,2,10,30.71,-10.33,0.88591,9,-8.89,42.68,0.11409,4,5,-15.98,-68.12,2.0E-4,8,66.73,22.19,0.00609,10,21.19,-15.59,0.60519,9,-8.18,31.83,0.38852,2,10,31.71,-39.38,0.28839,9,17.82,31.23,0.71161,2,10,26.71,-49.12,0.06075,9,24.51,22.56,0.93925,4,11,11.62,90.73,0.00383,8,76.43,-22.1,4.0E-5,10,26.62,-60.61,0.02038,9,34.87,17.59,0.97575,4,11,25.09,81.07,0.08548,8,71.89,-38.04,0.0143,10,20.57,-76.04,0.00699,9,46.27,5.55,0.89322,4,11,38.2,51.67,0.35132,12,-12.18,50.95,0.00497,8,48.64,-60.31,0.03781,9,53.57,-25.8,0.60589,4,11,35.05,29.65,0.46805,12,-12.96,28.72,0.21325,8,26.85,-64.77,0.03825,9,46.3,-46.82,0.28045,4,11,58.43,21.63,0.38506,12,11.15,23.26,0.51939,8,27.2,-89.49,0.01923,9,67.74,-59.13,0.07633,4,11,75.47,22.63,0.14771,12,27.98,26.08,0.84775,8,33.89,-105.19,4.8E-4,9,84.65,-61.38,0.00405,3,11,96.6,-17.46,0.02774,12,53.3,-11.51,0.97223,9,97.81,-104.75,3.0E-5,5,7,1.22,20.53,0.24773,5,-17.69,-5.46,0.33588,8,4.12,25.42,0.24183,10,-40.82,-6.39,0.17093,9,-42.88,-20.39,0.00364,5,7,2.02,41.63,0.09612,5,-12.64,-25.96,0.24734,8,24.96,28.84,0.3045,10,-19.75,-4.98,0.31993,9,-35.2,-0.72,0.03211,5,7,8.75,47.39,0.00473,5,-17.51,-33.35,0.12344,8,31.95,23.4,0.21315,10,-13.32,-11.06,0.61542,9,-26.96,2.52,0.04326,5,7,2.75,62.24,5.7E-4,5,-7.65,-45.97,0.03494,8,45.3,32.24,0.14504,10,0.82,-3.54,0.63452,9,-27.75,18.51,0.18493,4,5,-17.91,-54.53,3.7E-4,8,53.02,21.33,0.01332,10,7.47,-15.13,0.76122,9,-14.43,19.6,0.22509,6,11,34.54,23.8,0.68881,12,-12.83,22.85,0.01206,13,-68.43,52.88,0.0037,7,94.47,18.95,0.03713,8,21.17,-66.27,0.16967,9,44.69,-52.47,0.08863,6,11,-6.84,16.75,0.57217,12,-53.22,11.4,0.00804,13,-44.86,18.16,0.05522,7,54.53,6.05,0.15304,8,0.56,-29.71,0.15226,9,2.73,-51.55,0.05926,6,11,-21.92,6,0.32464,13,-28.82,8.89,0.12541,7,41.14,-6.75,0.3922,6,-49.24,-5.66,0.00508,8,-14.64,-19.14,0.13909,9,-14.12,-59.25,0.01358,7,11,-36.75,5.37,0.10736,13,-22.09,-4.34,0.25671,7,26.55,-9.5,0.52184,6,-34.4,-5.69,0.01428,5,-50.32,16.42,7.0E-5,8,-20.25,-5.39,0.09962,9,-28.8,-57.06,1.3E-4,6,11,-40.73,-7.51,0.05738,13,-8.72,-2.63,0.55266,7,24.45,-22.81,0.27324,6,-29.84,7,0.10049,14,-27.79,-22.78,0.01591,8,-33.71,-5.99,3.1E-4,5,11,-55.96,-11.95,0.01076,13,1.63,-14.64,0.38554,7,10.02,-29.38,0.12024,6,-14.44,10.75,0.3684,14,-12.01,-24.32,0.11506,5,7,-14.64,12.92,0.24751,6,1.87,-35.41,0.0474,5,-4.54,6.23,0.69763,8,-6.49,39.44,0.00699,10,-50.05,8.58,4.6E-4,5,7,-10.3,5.16,0.4045,6,-0.93,-26.98,0.19036,5,-10.85,12.49,0.33104,8,-13.23,33.64,0.07282,10,-57.31,3.45,0.00128,6,11,-46.61,23.31,6.9E-4,7,14.22,6.85,0.55483,6,-25.34,-24.05,0.02586,5,-33.96,4.1,0.18902,8,-6.69,9.95,0.21251,10,-53.06,-20.76,0.01709,8,11,-36.56,18.63,0.08868,13,-34.24,-9.67,0.05669,7,24.84,3.66,0.57889,6,-35.17,-18.93,0.00381,5,-45.04,4.24,0.00636,8,-7.7,-1.09,0.26064,10,-55.12,-31.65,9.3E-4,9,-26.1,-44.07,0.00401,6,11,-18.26,19.5,0.22312,13,-42.62,6.61,0.00539,7,42.82,7.14,0.30069,5,-61.37,-4.06,9.0E-5,8,-0.7,-18.02,0.3958,9,-7.97,-46.68,0.07491,5,11,-1.04,33.77,0.22781,13,-62.75,16.37,0.00539,7,57.82,23.72,0.06163,8,18.54,-29.41,0.62652,9,11.64,-35.94,0.07864,6,11,-24.94,43.52,0.12899,7,32.78,29.95,0.0016,5,-45.42,-23.22,0.00907,8,19.65,-3.63,0.53421,10,-28.14,-36.79,0.15563,9,-9.97,-21.84,0.17049,5,11,-38.48,70.7,0.00444,5,-21.92,-42.45,0.00688,8,40.67,18.29,0.31657,10,-5.12,-16.98,0.35439,9,-18.11,7.42,0.31772,4,11,-6.53,75.97,0.00414,8,56.41,-10,0.02151,10,7.84,-46.64,0.0066,9,14.25,6.54,0.96775,5,11,-18.46,65.29,3.1E-4,5,-42.39,-45.73,0.00907,8,42.33,-2.37,0.09291,10,-5.44,-37.71,0.16222,9,0.51,-1.69,0.73548],