{"skins":{"default":{"txt":{"txt":{"x":5,"width":263,"y":10,"height":82}},"bg":{"bg":{"width":224,"height":415}},"than":{"than":{"triangles":[19,49,18,49,16,18,18,16,17,7,45,6,48,50,40,48,33,50,45,40,47,40,39,47,40,50,39,47,46,45,6,46,55,6,45,46,47,39,46,55,46,53,50,53,39,46,39,53,50,51,53,50,33,51,19,20,49,26,23,25,25,23,24,26,22,23,26,27,22,21,22,29,29,22,28,22,27,28,14,15,13,21,29,20,20,29,48,20,48,49,48,29,31,16,12,15,15,12,13,49,43,16,16,43,12,49,42,43,42,48,41,41,48,40,48,42,49,9,10,8,11,7,10,10,7,8,12,43,11,11,43,44,29,30,31,43,42,44,44,45,11,7,11,45,42,41,44,44,41,45,31,32,48,32,33,48,41,40,45,55,5,6,55,56,5,53,54,55,55,54,56,56,57,5,57,4,5,52,59,54,54,58,56,56,58,57,54,59,58,57,58,3,57,3,4,3,58,2,59,1,58,59,0,1,58,1,2,51,52,53,53,52,54,33,34,51,52,51,36,34,36,51,36,34,35,52,36,37,52,0,59,0,37,38,0,52,37],"uvs":[0.59172,0.06608,0.62647,0.05002,0.71027,0.04564,0.74502,0.06754,0.78386,0.09674,0.79204,0.16537,0.79613,0.31721,0.83087,0.36977,0.97966,0.41357,0.93921,0.57564,0.86562,0.57564,0.76342,0.49388,0.73685,0.55958,0.83292,0.58148,0.79408,0.70704,0.75524,0.64864,0.70414,0.62966,0.81861,0.86911,0.73685,0.97942,0.3595,0.97942,0.34042,0.65799,0.28636,0.69433,0.18621,0.7318,0.19256,0.75451,0.26729,0.78518,0.26729,0.84196,0.07969,0.8147,0.02034,0.7266,0.02034,0.5801,0.1401,0.52332,0.07492,0.51538,0.17826,0.38592,0.22436,0.29734,0.40083,0.22466,0.38652,0.11224,0.4056,0.04297,0.44347,0.02996,0.47078,0.02058,0.56719,0.02058,0.60228,0.3394,0.59474,0.3942,0.61863,0.43912,0.64253,0.49212,0.67271,0.54242,0.65007,0.45079,0.65384,0.37893,0.63875,0.34929,0.61863,0.36366,0.44874,0.43963,0.55214,0.62741,0.49081,0.32071,0.50483,0.2118,0.52586,0.16298,0.59771,0.27314,0.61874,0.12668,0.67132,0.21055,0.71338,0.16048,0.7274,0.11416,0.68008,0.08161,0.6005,0.08577],"vertices":[2,3,47.94,-38.58,0.46971,10,-21.8,-17.17,0.53029,2,3,51.74,-50.19,0.16962,10,-26.4,-5.86,0.83038,2,3,47.17,-74.55,0.00409,10,-23.55,18.77,0.99591,1,10,-12.75,27.15,1,1,10,1.24,36.15,1,3,10,29.53,33.21,0.9478,8,-60.33,141.76,0.00726,2,79.65,-72.43,0.04494,3,10,91.36,22.66,0.32868,8,-3.4,115.44,0.22987,2,18.5,-86.4,0.44145,3,10,114.6,28.67,0.18236,8,20.61,115.18,0.39457,2,-0.66,-100.86,0.42307,3,10,140.59,68.4,0.1261,8,56.06,146.76,0.48024,2,-9.42,-147.52,0.39365,3,10,204.11,44.16,0.11177,8,111.05,106.78,0.50873,2,-77.38,-149.49,0.37951,3,10,200.04,22.83,0.11134,8,101.57,87.25,0.51108,2,-81.8,-128.24,0.37758,4,10,161.23,-0.47,0.09495,8,58.02,74.89,0.57732,2,-54.89,-91.84,0.31633,9,-46.41,73.17,0.01141,4,10,186.42,-13.25,0.02346,8,79,55.98,0.69823,2,-83.06,-89.7,0.08882,9,-23.88,56.14,0.18949,4,10,200.61,12.9,0.00446,8,99.52,77.52,0.65135,2,-86.13,-119.29,0.01906,9,-5.29,79.36,0.32513,2,8,141.16,44.56,0.6258,9,39.03,50.1,0.3742,4,10,223.57,-14.8,0.00215,8,114.46,44.79,0.60965,2,-117.96,-102.51,0.00961,9,12.41,48.04,0.37859,4,10,213.05,-28.14,0.00394,8,100.82,34.65,0.47111,2,-113.36,-86.15,0.01623,9,-0.31,36.77,0.50872,1,9,104.12,32.9,1,1,9,138.02,-5.93,1,1,9,98.18,-109.87,1,2,8,64.47,-66.97,0.76075,9,-27.79,-67.61,0.23925,2,8,71,-87.87,0.92703,9,-19.49,-87.87,0.07297,2,8,72.01,-121.21,0.99032,9,-15.61,-121,0.00968,2,8,81.27,-123.62,0.99666,9,-6.18,-122.6,0.00334,2,8,102.29,-109.33,0.99991,9,13.53,-106.55,9.0E-5,1,8,123.38,-119.57,1,1,8,89.08,-164.44,1,1,8,48.7,-164.29,1,2,8,-5.72,-137.85,0.99968,2,-134.47,115.5,3.2E-4,3,8,-11.38,-95.83,0.96693,2,-104.3,85.7,0.03229,9,-100.87,-102.88,7.8E-4,2,8,-22.73,-111.69,0.95315,2,-105.01,105.19,0.04685,2,8,-57.51,-60.91,0.74445,2,-46.45,86.25,0.25555,3,3,-16.72,90.59,0.01576,8,-84.47,-32.69,0.45544,2,-7.87,80.4,0.5288,3,3,-1,32.59,0.5046,8,-88.73,27.25,0.02852,2,32.14,35.56,0.46688,1,3,44.97,24.81,1,1,3,71.2,12.06,1,2,3,73.54,-0.11,0.98751,10,-44.64,-57.34,0.01249,2,3,75.22,-8.89,0.95967,10,-46.94,-48.7,0.04033,2,3,67.96,-36.38,0.78567,10,-41.62,-20.76,0.21433,3,10,89.67,-35.23,0.1181,8,-20.14,60,0.18238,2,-2.13,-32.29,0.69951,3,10,111.48,-41.65,0.06942,8,-0.75,48.11,0.44009,2,-24.74,-34.72,0.49049,3,10,131.02,-38.19,0.06037,8,19.01,46.35,0.62348,2,-41.47,-45.41,0.31616,4,10,153.84,-35.37,0.04477,8,41.78,43.12,0.75689,2,-61.46,-56.77,0.1905,9,-59.86,40.13,0.00784,4,10,175.92,-30.51,0.0286,8,64.36,42.06,0.78212,2,-79.98,-69.73,0.1118,9,-37.27,41.01,0.07748,4,10,137.5,-29.99,0.07089,8,27.4,52.58,0.62469,2,-44.3,-55.47,0.30351,9,-75,48.32,9.1E-4,3,10,108.55,-23.34,0.13401,8,1.19,66.55,0.35317,2,-15.01,-50.51,0.51283,3,10,95.69,-25.42,0.15707,8,-11.76,67.89,0.24065,2,-3.93,-43.65,0.60228,3,10,100.41,-32.36,0.11563,8,-9.02,59.96,0.28891,2,-10.96,-39.05,0.59545,3,10,121.85,-87.47,1.1E-4,8,-2.69,1.17,0.97639,2,-51.9,3.61,0.02349,2,8,80.39,-5.27,0.86092,9,-17.23,-4.77,0.13908,3,3,-46.13,17.06,8.2E-4,8,-41.45,33.79,0.00605,2,-1.28,1.48,0.99312,3,3,-3.7,1.57,0.88342,10,32.52,-53.61,4.0E-5,2,43.59,6.61,0.11654,3,3,14.21,-9.58,0.88708,10,13.87,-43.74,0.11278,2,64.6,4.65,1.4E-4,4,3,-35.19,-18.45,0.03861,10,62.53,-31.43,0.21215,8,-45.34,70.74,0.03132,2,24.38,-25.39,0.71791,2,3,21.71,-39.9,0.23907,10,4.27,-14.02,0.76093,4,3,-15.74,-46.05,0.05892,10,41.2,-5.26,0.71806,8,-59.11,101.57,0.01512,2,54.12,-41.37,0.20791,3,10,23.21,10.79,0.9856,8,-72.29,121.77,0.00206,2,76.89,-49.3,0.01234,1,10,5.19,18.44,1,2,3,35.09,-62.14,0.01326,10,-10.63,7.24,0.98674,2,3,39.42,-39.01,0.3634,10,-13.34,-16.14,0.6366],"edges":[70,68,68,66,66,64,64,62,62,60,60,58,58,56,54,56,54,52,52,50,50,48,48,46,46,44,44,42,42,40,40,38,36,38,36,34,34,32,32,30,30,28,28,26,26,24,24,22,22,20,20,18,18,16,16,14,14,12,12,10,10,8,8,6,6,4,4,2,2,0,74,76,0,76,78,80,80,82,82,84,84,86,86,88,88,90,90,92,92,94,94,78,96,98,98,36,96,100,100,102,70,72,72,74,102,72,74,104,104,106,108,110,110,112,112,114,114,116,0,118,118,108,116,118],"width":295,"type":"mesh","hull":39,"height":413}},"dau":{"dau":{"triangles":[75,71,9,10,11,75,75,11,13,10,75,9,12,13,11,76,74,75,76,75,13,14,76,13,15,76,14,15,73,76,23,24,25,20,23,25,72,20,25,73,20,72,21,22,23,21,23,20,19,20,73,73,72,74,76,73,74,17,19,73,16,17,73,18,19,17,15,16,73,71,32,33,31,32,71,27,28,29,30,72,27,26,27,72,30,27,29,71,74,30,71,30,31,72,30,74,74,71,75,72,25,26,65,66,58,59,65,58,65,59,0,61,57,58,64,66,65,66,61,58,63,66,64,62,61,66,63,62,66,52,53,54,48,50,51,49,50,48,57,62,56,62,57,61,70,56,62,55,56,70,55,47,52,48,51,52,47,48,52,55,52,54,47,55,70,40,38,39,37,38,40,60,45,46,63,69,70,36,37,40,36,40,41,77,1,2,77,2,3,77,3,4,68,33,60,45,60,33,44,45,33,34,43,44,34,44,33,69,47,70,64,65,0,1,64,0,63,64,1,63,1,77,35,41,42,35,42,43,35,43,34,36,41,35,77,4,5,6,77,5,69,77,68,67,68,77,63,70,62,63,77,69,68,47,69,60,46,47,8,67,77,7,8,77,6,7,77,60,47,68,67,71,68,9,67,8,68,71,33,67,9,71],"uvs":[0.80614,0.03605,0.82007,0.06416,0.91066,0.08103,0.95525,0.12713,0.97872,0.16986,0.97872,0.35535,0.88975,0.40052,0.82257,0.46376,0.733,0.44389,0.66806,0.48002,0.73972,0.53062,0.77331,0.66071,0.74196,0.77635,0.64566,0.77816,0.60312,0.86669,0.43068,0.90283,0.31424,0.98069,0.17316,0.98069,0.10822,0.92451,0.11046,0.83056,0.15076,0.72214,0.02128,0.76912,0.02128,0.70227,0.08582,0.66613,0.07911,0.60289,0.15972,0.54326,0.21123,0.50532,0.24706,0.46195,0.22914,0.40233,0.30976,0.34993,0.36784,0.35708,0.44519,0.35596,0.49884,0.33178,0.51278,0.3121,0.4647,0.32841,0.35739,0.33178,0.25148,0.29074,0.24799,0.22833,0.28632,0.1946,0.31977,0.20584,0.29956,0.25419,0.31001,0.27387,0.35879,0.28849,0.40059,0.30367,0.47585,0.28343,0.50269,0.25831,0.51766,0.22271,0.54623,0.21315,0.52532,0.1811,0.47933,0.19122,0.50721,0.1558,0.52672,0.15412,0.53508,0.14119,0.50093,0.12376,0.55807,0.11476,0.58385,0.11083,0.60824,0.0799,0.65075,0.04786,0.73924,0.01931,0.77408,0.01931,0.51069,0.25082,0.70719,0.05741,0.72043,0.07203,0.74412,0.07091,0.76433,0.05179,0.76502,0.04055,0.74273,0.03998,0.69907,0.40301,0.66843,0.3305,0.68477,0.27117,0.65209,0.2036,0.4989,0.41125,0.28239,0.54639,0.22928,0.75405,0.4029,0.56617,0.50502,0.66011,0.46826,0.79361,0.86043,0.29589],