{
"skins": {
	"default": {
		"bg": {
			"bg": { "x": -7.21, "width": 205, "y": 10.01, "height": 206 }
		},
		"light": {
			"light": { "width": 110, "y": -1.12, "height": 97 }
		},
		"Group 520": {
			"Group 520": { "x": 5.89, "width": 146, "y": 0.84, "height": 67 }
		},
		"tay": {
			"tay": {
				"triangles": [ 27, 10, 22, 12, 13, 11, 25, 22, 20, 1, 2, 26, 26, 22, 0, 22, 25, 0, 13, 14, 11, 24, 22, 10, 0, 1, 26, 15, 16, 14, 14, 23, 11, 23, 24, 11, 10, 11, 24, 16, 17, 14, 14, 17, 23, 23, 17, 24, 17, 18, 24, 18, 19, 24, 22, 24, 20, 24, 19, 20, 25, 21, 0, 25, 20, 21, 6, 28, 5, 28, 4, 5, 7, 8, 6, 6, 8, 27, 8, 9, 27, 28, 6, 26, 22, 6, 27, 26, 6, 22, 28, 3, 4, 28, 26, 3, 9, 10, 27, 3, 26, 2 ],
				"uvs": [ 0.62041, 0.13334, 0.81104, 0.18763, 0.86156, 0.28534, 0.85467, 0.43191, 0.97802, 0.58391, 0.97802, 0.98052, 0.68392, 0.98052, 0.26213, 0.98052, 0.37466, 0.81734, 0.38385, 0.62462, 0.38385, 0.45634, 0.31265, 0.41562, 0.23227, 0.52148, 0.17026, 0.46448, 0.16796, 0.40748, 0.02198, 0.4292, 0.02198, 0.3152, 0.15188, 0.2012, 0.14729, 0.08448, 0.22538, 0.01948, 0.3321, 0.01948, 0.56988, 0.01948, 0.53834, 0.46607, 0.24111, 0.29044, 0.30783, 0.19366, 0.51711, 0.13989, 0.75064, 0.46966, 0.46555, 0.61303, 0.83557, 0.64888 ],
				"vertices": [ 2, 4, 60.06, -16.14, 0.02753, 5, 19.26, -19.45, 0.97247, 2, 4, 49.88, -30.79, 0.26986, 5, 6.87, -32.29, 0.73014, 2, 4, 41.2, -32.35, 0.38955, 5, -1.94, -32.45, 0.61045, 2, 4, 30.91, -27.67, 0.70404, 5, -11.36, -26.2, 0.29596, 2, 4, 15.93, -33.89, 0.9665, 5, -27.14, -29.95, 0.0335, 1, 4, -12.53, -22.82, 1, 1, 4, -2.83, 2.12, 1, 1, 4, 11.08, 37.89, 1, 2, 4, 19.08, 23.8, 0.99785, 5, -14.84, 26.5, 0.00215, 2, 4, 32.61, 17.64, 0.8237, 5, -2.47, 18.26, 0.1763, 2, 4, 44.68, 12.94, 0.13715, 5, 8.71, 11.71, 0.86285, 2, 4, 49.95, 17.84, 0.00511, 5, 14.69, 15.71, 0.99489, 1, 5, 11.36, 26.14, 1, 1, 5, 18, 28.79, 1, 1, 5, 21.9, 26.74, 1, 1, 5, 27.18, 39.05, 1, 1, 5, 34.75, 34.6, 1, 1, 5, 36.33, 19.97, 1, 1, 5, 44.3, 15.78, 1, 1, 5, 45.02, 7.11, 1, 1, 5, 40.1, -1.26, 1, 1, 5, 29.15, -19.92, 1, 2, 4, 38.89, 0.11, 0.14425, 5, 0.94, -0.04, 0.85575, 1, 5, 26.3, 16.44, 1, 1, 5, 29.65, 7.43, 1, 2, 4, 63, -7.19, 2.9E-4, 5, 23.58, -11.09, 0.99971, 2, 4, 31.63, -17.8, 0.73229, 5, -9.07, -16.56, 0.26771, 2, 4, 30.74, 10.39, 0.87187, 5, -5.46, 11.4, 0.12813, 2, 4, 15.97, -20, 0.97416, 5, -24.89, -16.24, 0.02584 ],
				"edges": [ 14, 16, 16, 18, 18, 20, 20, 22, 22, 24, 24, 26, 26, 28, 28, 30, 30, 32, 32, 34, 34, 36, 36, 38, 42, 0, 0, 2, 2, 4, 4, 6, 10, 8, 6, 8, 10, 12, 12, 14, 12, 44, 44, 20, 44, 0, 38, 40, 40, 42, 44, 40 ],
				"width": 91,
				"type": "mesh",
				"hull": 22,
				"height": 77
			}
		}
	}
},
"skeleton": {
	"images": "./texutes/",
	"width": 205,
	"spine": "3.7.94",
	"audio": "Y:/VietAnh/anim/icon nho/3 cay",
	"hash": "wX/1vWlLrxjGJK1CADOW5a8FtE0",
	"height": 206
},
"slots": [
	{ "attachment": "bg", "name": "bg", "bone": "bg" },
	{ "attachment": "tay", "name": "tay", "bone": "tay" },
	{ "attachment": "Group 520", "name": "Group 520", "bone": "Group 520" },
	{ "attachment": "light", "blend": "additive", "name": "light", "bone": "light" }
],
"bones": [
	{ "name": "root" },
	{ "parent": "root", "name": "bg", "x": 7.21, "y": -10.01 },
	{ "parent": "bg", "name": "Group 520", "x": -9.17, "y": -43.26 },
	{ "parent": "Group 520", "name": "light", "x": 12.44, "y": 23.58 },
	{ "scaleX": 0.917, "parent": "bg", "scaleY": 0.917, "rotation": 111.25, "name": "tay", "length": 37.95, "x": 49.58, "y": 42.2 },
	{ "parent": "tay", "rotation": 9.16, "name": "tay2", "length": 34.94, "x": 37.95 }
],
"animations": {
	"animation": {
		"slots": {
			"light": {
				"color": [
					{ "color": "ffffff00", "curve": "stepped", "time": 0 },
					{
						"color": "ffffff00",
						"curve": [ 0.25, 0, 0.75, 1 ],
						"time": 0.5
					},
					{
						"color": "ffffffff",
						"curve": [ 0.25, 0, 0.75, 1 ],
						"time": 1.3333
					},
					{ "color": "ffffff00", "time": 1.5 }
				]
			}
		},
		"bones": {
			"tay2": {
				"rotate": [
					{
						"curve": [ 0.25, 0, 0.75, 1 ],
						"angle": 0,
						"time": 0
					},
					{
						"curve": [ 0.25, 0, 0.75, 1 ],
						"angle": 23.23,
						"time": 0.5
					},
					{
						"curve": [ 0.25, 0, 0.75, 1 ],
						"angle": 0,
						"time": 1
					},
					{
						"curve": [ 0.25, 0, 0.75, 1 ],
						"angle": 23.23,
						"time": 1.5
					},
					{ "angle": 0, "time": 2 }
				]
			},
			"light": {
				"scale": [
					{ "curve": "stepped", "x": 0, "y": 0, "time": 0 },
					{
						"curve": [ 0.25, 0, 0.75, 1 ],
						"x": 0,
						"y": 0,
						"time": 0.5
					},
					{
						"curve": [ 0.25, 0, 0.75, 1 ],
						"x": 1.724,
						"y": 1.724,
						"time": 1.1667
					},
					{ "x": 0, "y": 0, "time": 1.8333 }
				]
			},
			"Group 520": {
				"translate": [
					{ "x": 0, "y": 0, "time": 0 },
					{ "x": 0, "y": 6.42, "time": 0.5 },
					{ "x": 0, "y": 0, "time": 1 },
					{ "x": 0, "y": 6.42, "time": 1.5 },
					{ "x": 0, "y": 0, "time": 2 }
				]
			},
			"tay": {
				"rotate": [
					{
						"curve": [ 0.25, 0, 0.75, 1 ],
						"angle": 0,
						"time": 0
					},
					{
						"curve": [ 0.25, 0, 0.75, 1 ],
						"angle": 9.63,
						"time": 0.5
					},
					{
						"curve": [ 0.25, 0, 0.75, 1 ],
						"angle": 0,
						"time": 1
					},
					{
						"curve": [ 0.25, 0, 0.75, 1 ],
						"angle": 9.63,
						"time": 1.5
					},
					{ "angle": 0, "time": 2 }
				]
			}
		}
	}
}
}